"Submission ID","Form","Time","email","Select a Choice",
"1","Farm Laneways","2022-04-25 14:08:16","","Griffin Lane",
"2","Farm Laneways","2022-04-25 14:12:28","","Griffin Lane",
"3","Farm Laneways","2022-04-25 14:17:25","","Rose Lane",
"4","Farm Laneways","2022-04-25 15:11:27","","Pl5242",
"5","Farm Laneways","2022-04-25 18:01:47","","Banana Alley",
"6","Farm Laneways","2022-04-25 18:09:15","","Caledonian Lane",
"10","Farm Laneways","2022-04-25 21:25:17","","Rose Lane",
"11","Farm Laneways","2022-04-26 11:21:59","","Pl5242",
"12","Farm Laneways","2022-04-26 11:22:11","","Pl5242",
"13","Farm Laneways","2022-04-26 11:26:21","","Pl5242",
